sample_id	sample_collect_date	sample_location_specify	wwtp_name	site_id
18510	1/18/22		FOX METRO WRD WWTP	S0024
18490	1/18/22		BELLEVILLE STP 1 - East	S0004
18700	1/19/22		FREEPORT WWTF	S0025
18752	1/19/22		EFFINGHAM STP	S0021
18461	1/17/22		BELVIDERE STP	S0006
19722	1/19/22		KANKAKEE RIVER METRO AGENCY	S0030
18433	1/19/22		BELVIDERE STP	S0006
18673	1/19/22		DUQUOIN STP	S0020
18448	1/18/22		BELLEVILLE STP 1 - West	S0005
18509	1/19/22		CHENOA STP	S0012
19743	1/20/22		GALESBURG SD STP	S0027
18731	na		na	na
19662	1/17/22		URBANA-CHAMPAIGN SD NE STP	S0049
19708	1/19/22		PEORIA SD STP	S0028
19635	1/20/22		SHELBYVILLE STP	S0047
19117	1/19/22		PITTSFIELD STP	S0044
19626	1/19/22		URBANA-CHAMPAIGN SD NE STP	S0049
19120	1/19/22		SAVANNA WWTP	S0046
19121	1/20/22		MACOMB STP	S0033
18979	1/18/22		NSSD CLAVEY ROAD STP	S0041
18745	1/18/22		BLOOMINGTON/NORMAL WRD STP - West Plant 3	S0009
18496	1/19/22		ANNA STP	S0001
18446	1/18/22		BLOOMINGTON-NORMAL WRD SE WWTP - South Plant 4	S0007
18734	na		na	na
19666	na		na	na
18454	1/20/22		CENTRALIA STP	S0011
19691	1/20/22		PRINCETON STP	S0054
19713	na		na	na
19046	1/18/22		NSSD WAUKEGAN STP	S0043
19089	1/20/22		MT. VERNON STP	S0039
18754	1/19/22		CHRISTIAN COUNTY WRD STP	S0014
18735	1/20/22		CHESTER STP	S0013
18410	1/20/22		BEARDSTOWN SD STP	S0003
18721	1/20/22		CARROLLTON STP	S0010
18406	1/17/22		CRYSTAL LAKE STP 2	S0016
18430	1/19/22		CRYSTAL LAKE STP 2	S0016
19013	1/20/22		NSSD WAUKEGAN STP	S0043
18453	1/17/22		CRYSTAL LAKE WWTP 3	S0017
18457	1/19/22		CRYSTAL LAKE WWTP 3	S0017
19735	1/20/22		KISHWAUKEE WATER RECLAMATION DISTRICT WWTP	S0031
19701	1/20/22		JACKSONVILLE STP	S0029
19637	1/20/22		QUINCY STP	S0045
18976	1/20/22		NSSD CLAVEY ROAD STP	S0041
19039	1/18/22		NSSD GURNEE STP	S0042
18743	1/19/22		BLOOMINGTON/NORMAL WRD STP - West Plant 1	S0008
18691	1/19/22		GALENA SOUTH STP	S0026
18441	1/19/22		FLORA STP	S0022
18965	1/20/22		NSSD GURNEE STP	S0042
19105	na		na	na
19104	na		na	na
18945	1/24/22		MWRDGC LEMONT WRP	S0063
18934	1/23/22		MWRDGC CALUMET WRP	S0060
18889	1/23/22		MWRDGC STICKNEY WRP - WS	S0058
18919	1/23/22		MWRDGC STICKNEY WRP - SWS(N/S)	S0057
18931	1/23/22		MWRDGC TERRENCE J O'BRIEN WTR RECLAMATION PLANT	S0059
18939	1/23/22		METROPOLITAN WRDGC-KIRIE	S0061
18941	1/23/22		MWRDGC-JOHN E. EGAN WRP	S0062
18944	1/23/22		MWRDGC HANOVER PARK WRP	S0064
18992	1/24/22		MT. VERNON STP	S0039
18502	1/24/22		DUQUOIN STP	S0020
19629	1/24/22		STERLING-ELKHORN CREEK STP	S0048
18777	1/24/22		BLOOMINGTON/NORMAL WRD STP - West Plant 1	S0008
18742	1/24/22		CHENOA STP	S0012
18481	1/19/22		BATAVIA WWTF	S0002
18476	1/24/22		ANNA STP	S0001
18757	1/24/22		BELVIDERE STP	S0006
19090	1/24/22		MOLINE NORTH STP	S0034
19099	1/24/22		MOLINE SOUTH STP	S0035
18681	1/17/22		DECATUR SD MAIN STP	S0019
18470	1/24/22		BLOOMINGTON-NORMAL WRD SE WWTP - South Plant 4	S0007
19687	1/21/22		MONMOUTH MAIN STP	S0051
18469	1/24/22		CHRISTIAN COUNTY WRD STP	S0014
18408	1/23/22		BELLEVILLE STP 1 - West	S0005
18440	1/24/22		BLOOMINGTON/NORMAL WRD STP - West Plant 3	S0009
18993	1/17/22		NAPERVILLE SPRINGBROOK WRC	S0040
19650	1/24/22		MONMOUTH MAIN STP	S0051
18732	na		na	na
19705	1/24/22		PEORIA SD STP	S0028
18751	1/23/22		FOUR RIVERS SANITATION AUTHORITY	S0023
18935	1/24/22		STAUNTON STP	S0056
18442	1/24/22		FLORA STP	S0022
18984	1/19/22		NAPERVILLE SPRINGBROOK WRC	S0040
18699	1/24/22		DECATUR SD MAIN STP	S0019
19659	1/24/22		OLNEY STP	S0055
19697	na		na	na
18450	1/24/22		CHESTER STP	S0013
19702	1/24/22		KANKAKEE RIVER METRO AGENCY	S0030
18682	1/24/22		FREEPORT WWTF	S0025
18498	1/23/22		BELLEVILLE STP 1 - East	S0004
18676	1/19/22		DECATUR SD MAIN STP	S0019
18986	1/24/22		NAPERVILLE SPRINGBROOK WRC	S0040
19636	na		na	na
18701	1/24/22		GALENA SOUTH STP	S0026
19020	1/25/22		SAVANNA WWTP	S0046
19638	1/25/22		QUINCY STP	S0045
18778	1/25/22		CENTRALIA STP	S0011
18494	1/24/22		BATAVIA WWTF	S0002
19700	1/24/22		JACKSONVILLE STP	S0029
18477	1/25/22		DANVILLE SD	S0018
19676	1/24/22		URBANA-CHAMPAIGN SD NE STP	S0049
19096	1/25/22		MACOMB STP	S0033
19064	na		na	na
19625	1/24/22		PITTSFIELD STP	S0044
18985	1/25/22		NSSD WAUKEGAN STP	S0043
18755	1/24/22		EFFINGHAM STP	S0021
18473	1/25/22		BEARDSTOWN SD STP	S0003
19674	1/25/22		PRINCETON STP	S0054
19075	1/25/22		NSSD GURNEE STP	S0042
19067	1/25/22		NSSD CLAVEY ROAD STP	S0041
18485	1/23/22		CRYSTAL LAKE WWTP 3	S0017
18475	1/24/22		CRYSTAL LAKE STP 2	S0016
18951	1/25/22		MWRDGC STICKNEY WRP - SWS(N/S)	S0057
18947	1/25/22		MWRDGC STICKNEY WRP - WS	S0058
18964	1/25/22		MWRDGC HANOVER PARK WRP	S0064
18959	1/25/22		MWRDGC-JOHN E. EGAN WRP	S0062
18955	1/25/22		MWRDGC CALUMET WRP	S0060
18967	1/26/22		MWRDGC LEMONT WRP	S0063
18953	1/25/22		MWRDGC TERRENCE J O'BRIEN WTR RECLAMATION PLANT	S0059
18956	1/25/22		METROPOLITAN WRDGC-KIRIE	S0061
19706	1/26/22		PEORIA SD STP	S0028
19043	1/26/22		STAUNTON STP	S0056
18452	1/26/22		FLORA STP	S0022
19651	1/26/22		MONMOUTH MAIN STP	S0051
18725	1/26/22		CHESTER STP	S0013
18704	1/26/22		CANTON WEST STP	S0015
19747	1/24/22		GALESBURG SD STP	S0027
18762	1/25/22		BELLEVILLE STP 1 - East	S0004
18693	1/26/22		DECATUR SD MAIN STP	S0019
19114	1/26/22		PITTSFIELD STP	S0044
18687	1/26/22		DUQUOIN STP	S0020
18418	1/26/22		BLOOMINGTON-NORMAL WRD SE WWTP - South Plant 4	S0007
18750	1/26/22		BLOOMINGTON/NORMAL WRD STP - West Plant 1	S0008
19694	1/26/22		KISHWAUKEE WATER RECLAMATION DISTRICT WWTP	S0031
19726	na		na	na
19671	1/26/22		OLNEY STP	S0055
18455	1/25/22		BELLEVILLE STP 1 - West	S0005
18484	1/26/22		BEARDSTOWN SD STP	S0003
18680	1/26/22		FREEPORT WWTF	S0025
19094	1/26/22		MT. VERNON STP	S0039
18719	1/26/22		CARROLLTON STP	S0010
19679	1/26/22		LACON WWTP	S0050
19734	1/26/22		KANKAKEE RIVER METRO AGENCY	S0030
18927	1/26/22		MOLINE SOUTH STP	S0035
18486	1/26/22		BLOOMINGTON/NORMAL WRD STP - West Plant 3	S0009
18467	1/25/22		FOUR RIVERS SANITATION AUTHORITY	S0023
18445	1/26/22		BELVIDERE STP	S0006
19063	1/26/22		NAPERVILLE SPRINGBROOK WRC	S0040
18434	1/26/22		ANNA STP	S0001
18402	1/26/22		CHRISTIAN COUNTY WRD STP	S0014
18472	1/26/22		BATAVIA WWTF	S0002
19083	1/26/22		MOLINE NORTH STP	S0034
19621	1/26/22		MACOMB STP	S0033
19639	1/26/22		STERLING-ELKHORN CREEK STP	S0048
19106	1/27/22		NSSD WAUKEGAN STP	S0043
19682	1/27/22		PRINCETON STP	S0054
19110	1/27/22		SAVANNA WWTP	S0046
18417	1/26/22		GALENA SOUTH STP	S0026
19054	1/27/22		NSSD CLAVEY ROAD STP	S0041
18696	1/26/22		EFFINGHAM STP	S0021
18508	1/27/22		CENTRALIA STP	S0011
18685	1/27/22		FOX METRO WRD WWTP	S0024
19707	1/26/22		JACKSONVILLE STP	S0029
19646	na		PEKIN STP 1	na
18489	1/26/22		CRYSTAL LAKE STP 2	S0016
18694	1/27/22		DANVILLE SD	S0018
19618	1/26/22		SHELBYVILLE STP	S0047
18977	1/27/22		NSSD GURNEE STP	S0042
19093	1/25/22		URBANA-CHAMPAIGN SD NE STP	S0049
18487	1/26/22		CRYSTAL LAKE WWTP 3	S0017
18973	1/30/22		METROPOLITAN WRDGC-KIRIE	S0061
18971	1/30/22		MWRDGC TERRENCE J O'BRIEN WTR RECLAMATION PLANT	S0059
18972	1/30/22		MWRDGC CALUMET WRP	S0060
18983	1/30/22		MWRDGC LEMONT WRP	S0063
18981	1/30/22		MWRDGC HANOVER PARK WRP	S0064
18980	1/30/22		MWRDGC-JOHN E. EGAN WRP	S0062
18968	1/30/22		MWRDGC STICKNEY WRP - WS	S0058
18970	1/30/22		MWRDGC STICKNEY WRP - SWS(N/S)	S0057
19051	1.31.2022	CDM 4	SMH000072456	S0093
18878	1.31.2022	CDM 5	SMH000116477	na
18915	1.31.2022	CDM 6	SMH000111150	na
18928	1.31.2022	CDM 7	MHOL23-00116	na
18907	1.31.2022	O'Hare (8:00)	na	na
18869	1.31.2022	O'Hare (8:45)	na	na
18937	1.31.2022	CCJ 5	na	na
18870	1.31.2022	CCJ 9	na	na
18843	1.31.2022	CCJ 3	na	na
18879	1.31.2022	CCJ 2	na	na
18954	1.31.2022	CCJ 10	na	na
18882	1.31.2022	CCJ 11C	na	na
18938	1.31.2022	CCJ 11D	na	na
18726	1.31.2022		CHRISTIAN COUNTY WRD STP	na
19076	1/31/22		PITTSFIELD STP	S0044
18482	1/31/22		BLOOMINGTON/NORMAL WRD STP - West Plant 1	S0008
18444	1/31/22		BELLEVILLE STP 1 - West	S0005
18679	1/31/22		FREEPORT WWTF	S0025
19696	1/31/22		KISHWAUKEE WATER RECLAMATION DISTRICT WWTP	S0031
18960	1/31/22		STAUNTON STP	S0056
18761	1/31/22		BLOOMINGTON-NORMAL WRD SE WWTP - South Plant 4	S0007
18686	1/31/22		GALENA SOUTH STP	S0026
18407	1/31/22		DUQUOIN STP	S0020
18491	1/31/22		ANNA STP	S0001
18727	1/31/22		CHESTER STP	S0013
19103	1/31/22		MT. VERNON STP	S0039
19715	1/31/22		LACON WWTP	S0050
18776	1/31/22		BEARDSTOWN SD STP	S0003
18511	1/31/22		BLOOMINGTON/NORMAL WRD STP - West Plant 3	S0009
19663	1/31/22		MONMOUTH MAIN STP	S0051
18403	1/30/22		FOUR RIVERS SANITATION AUTHORITY	S0023
18695	1/31/22		DECATUR SD MAIN STP	S0019
18885	2/1/22	CDM	SMH000017048	S0089
18892	2/1/22	CDM	SMH000025183	S0090
18894	2/1/22	CDM	SMH000062398	S0092
18414	2/1/22		CHENOA STP	S0012
19709	1/31/22		PEORIA SD STP	S0028
18436	1/31/22		BELVIDERE STP	S0006
19641	1/31/22		STERLING-ELKHORN CREEK STP	S0048
18997	1/31/22		MOLINE NORTH STP	S0034
19081	1/31/22		MOLINE SOUTH STP	S0035
19711	1/31/22		KANKAKEE RIVER METRO AGENCY	S0030
18758	1/31/22		FLORA STP	S0022
18439	1/31/22		BATAVIA WWTF	S0002
18982	1/31/22		NAPERVILLE SPRINGBROOK WRC	S0040
18421	1/31/22		BELLEVILLE STP 1 - East	S0004
19642	1/31/22		OLNEY STP	S0055
18714	2/1/22		DANVILLE SD	na
19613	2/1/22		SHELBYVILLE STP	S0047
18730	1/31/22		CANTON WEST STP	S0015
18432	2/1/22		CARROLLTON STP	S0010
18746	1/27/22		CARROLLTON STP	S0010
19038	2/1/22		NSSD GURNEE STP	S0042
18974	2/1/22		NSSD CLAVEY ROAD STP	S0041
19693	2/1/22		JACKSONVILLE STP	S0029
18500	1/31/22		CRYSTAL LAKE WWTP 3	S0017
19703	2/1/22		PRINCETON STP	S0054
18468	1/31/22		EFFINGHAM STP	S0021
19118	2/1/22		SAVANNA WWTP	S0046
19122	2/1/22		MACOMB STP	S0033
18978	2/1/22		NSSD WAUKEGAN STP	S0043
19643	1/31/22		URBANA-CHAMPAIGN SD NE STP	S0049
19739	1/31/22		GALESBURG SD STP	S0027
18706	1/31/22		CRYSTAL LAKE STP 2	S0016
18933	2.2.2022	CDM	MHOL23-00116	S0086
18904	2.2.2022	CDM	SMH000111150	S0094
18844	2.2.2022	CDM	SMH000072456	S0093
18866	2.2.2022	AMC	O'Hare AMC	na
18936	2.2.2022	HR	O'Hare H&R	na
18813	2.3.2022	CDM	SMH000017048	S0089
18887	2.3.2022	CDM	SMH000062398	S0092
18999	2.3.2022	CDM	SMH000025183	S0090
19040	2/2/22		NAPERVILLE SPRINGBROOK WRC	S0040
19619	2/1/22		QUINCY STP	S0045
18409	2/2/22		BATAVIA WWTF	S0002
18702	2/2/22		FREEPORT WWTF	S0025
19673	2/2/22		KISHWAUKEE WATER RECLAMATION DISTRICT WWTP	S0031
18474	2/2/22		FOUR RIVERS SANITATION AUTHORITY	S0023
18716	2/2/22		GALENA SOUTH STP	S0026
19719	2/2/22		PEKIN STP 1	na
18413	2/2/22		BELVIDERE STP	S0006
18871	2/3/22	CCJ	CCJ- Division 11 (Pod C)	S0071
18841	2/3/22	CCJ	CCJ- Division 5	S0079
18832	2/3/22	CCJ	CCJ- Division 5	S0079
18922	2/3/22	CCJ	CCJ- Division 2-Dorm 2	S0076
18949	2/3/22	CCJ	CCJ- Division 9	S0083
19748	2/3/22	CCJ	CCJ- Division 3	S0077
18930	2/3/22	CCJ	CCJ- Division 11 (Pod D)	S0072
19005	2/3/22		NSSD WAUKEGAN STP	S0043
18932	2/3/22		NSSD CLAVEY ROAD STP	S0041
19072	2/3/22		NSSD GURNEE STP	S0042
18707	2/2/22		CRYSTAL LAKE WWTP 3	S0017
18708	2/2/22		CRYSTAL LAKE STP 2	S0016
19689	2/2/22		KANKAKEE RIVER METRO AGENCY	S0030
18497	2/2/22		DUQUOIN STP	S0020
18501	2/2/22		CHESTER STP	S0013
19084	2/2/22		MT. VERNON STP	S0039
19670	2/3/22		SAVANNA WWTP	na
18458	2/3/22		ANNA STP	S0001
19724	2/3/22		PRINCETON STP	S0054
19740	2/2/22		MOLINE SOUTH STP	S0035
19097	2/2/22		MOLINE NORTH STP	S0034
19652	2/2/22		OLNEY STP	S0055
18769	2/2/22		BEARDSTOWN SD STP	S0003
19742	2/2/22		GALESBURG SD STP	S0027
18705	2/2/22		CANTON WEST STP	S0015
19633	2/2/22		STERLING-ELKHORN CREEK STP	S0048
19080	2/3/22		MACOMB STP	S0033
18917	2/7/22	CDM	SMH000116477	S0095
18872	2/7/22	CDM	MHOL23-00116	S0086
19091	2/7/22	CDM	SMH000111150	S0094
18914	2/7/22	CDM	SMH000072456	S0093
19015	2/6/22	MWRD	MWRDGC CALUMET WRP	S0060
19000	2/1/22	MWRD	METROPOLITAN WRDGC-KIRIE	S0061
18991	na	MWRD	na	na
19042	2/7/22	MWRD	MWRDGC LEMONT WRP	S0063
18987	2/1/22	MWRD	MWRDGC STICKNEY WRP - WS	S0058
18988	2/1/22	MWRD	MWRDGC STICKNEY WRP - SWS(N/S)	S0057
19037	2/6/22	MWRD	MWRDGC HANOVER PARK WRP	S0064
19036	2/6/22	MWRD	MWRDGC-JOHN E. EGAN WRP	S0062
19006	2/6/22	MWRD	MWRDGC STICKNEY WRP - WS	S0058
19007	2/6/22	MWRD	MWRDGC STICKNEY WRP - SWS(N/S)	S0057
19017	2/6/22	MWRD	METROPOLITAN WRDGC-KIRIE	S0061
19002	2/1/22	MWRD	MWRDGC HANOVER PARK WRP	S0064
19003	na	MWRD	na	na
19014	2/6/22	MWRD	MWRDGC TERRENCE J O'BRIEN WTR RECLAMATION PLANT	S0059
19001	2/1/22	MWRD	MWRDGC-JOHN E. EGAN WRP	S0062
18989	2/1/22	MWRD	MWRDGC TERRENCE J O'BRIEN WTR RECLAMATION PLANT	S0059
18834	2/7/22	AMC	O'Hare AMC	na
19055	2/7/22	HR	O'Hare H&R	na
18908	2/8/22	CDM	SMH000017048	S0089
18875	2/8/22	CDM	SMH000062398	S0092
18880	2/8/22	CDM	SMH000025183	S0090
18463	2/7/22		DECATUR SD MAIN STP	S0019
19718	2/7/22		PEORIA SD STP	S0028
19653	2/6/22		MONMOUTH MAIN STP	S0051
18503	2/7/22		DUQUOIN STP	S0020
19092	2/7/22		NAPERVILLE SPRINGBROOK WRC	S0040
18512	2/6/22		BEARDSTOWN SD STP	S0003
18424	2/7/22		BELVIDERE STP	S0006
19688	2/7/22		JACKSONVILLE STP	S0029
18427	2/6/22		BLOOMINGTON-NORMAL WRD SE WWTP - South Plant 4	S0007
18773	2/6/22		BLOOMINGTON/NORMAL WRD STP - West Plant 3	S0009
18772	2/6/22		BLOOMINGTON/NORMAL WRD STP - West Plant 1	S0008
19727	2/2/22		KISHWAUKEE WATER RECLAMATION DISTRICT WWTP	S0031
18447	2/7/22		FLORA STP	S0022
18478	2/7/22		GALENA SOUTH STP	S0026
18495	2/7/22		CANTON WEST STP	S0015
19624	2/7/22		PITTSFIELD STP	S0044
18466	2/7/22		CHESTER STP	S0013
18459	2/7/22		BATAVIA WWTF	S0002
19733	2/7/22		KANKAKEE RIVER METRO AGENCY	S0030
18692	2/7/22		FREEPORT WWTF	na
18737	2/7/22		BELLEVILLE STP 1 - East	S0004
19630	2/7/22		STERLING-ELKHORN CREEK STP	S0048
19124	2/7/22		MOLINE SOUTH STP	S0035
19065	2/7/22		MOLINE SOUTH STP	S0035
18431	2/7/22		FOUR RIVERS SANITATION AUTHORITY	S0023
18483	2/7/22		ANNA STP	S0001
18675	2/2/22		DECATUR SD MAIN STP	S0019
18429	2/7/22		BELLEVILLE STP 1 - West	S0005
18425	2/7/22		CHRISTIAN COUNTY WRD STP	na
18958	2/7/22		STAUNTON STP	S0056
19631	2/8/22		LACON WWTP	S0050
19108	2/7/22		MT. VERNON STP	S0039
19704	2/7/22		PEKIN STP 1	S0052
18830	2/8/22	CCJ	CCJ- Cermak N	S0066
18946	2/8/22	CCJ	CCJ- Division 6 (South)	S0081
18881	2/8/22	CCJ	CCJ- Division 10	S0068
18916	2/8/22	CCJ	CCJ- Division 11 (Pod D)	S0072
19018	2/8/22	CCJ	CCJ- Division 9	S0083
18903	2/8/22	CCJ	CCJ- Division 5	S0079
18884	2/8/22	CCJ	CCJ- Division 8/ RTU	S0082
18846	2/9/22	CDM	MHOL23-00116	S0086
19732	2/9/22	CDM	SMH000111150	S0094
18943	2/9/22	CDM	SMH000072456	S0093
18847	2/9/22	CDM	SMH000116477	S0095
19056	2/8/22	MWRD	MWRDGC HANOVER PARK WRP	S0064
19057	2/9/22	MWRD	MWRDGC LEMONT WRP	S0063
19047	2/8/22	MWRD	MWRDGC TERRENCE J O'BRIEN WTR RECLAMATION PLANT	S0059
19049	2/8/22	MWRD	METROPOLITAN WRDGC-KIRIE	S0061
19048	2/8/22	MWRD	MWRDGC CALUMET WRP	S0060
19045	2/8/22	MWRD	MWRDGC STICKNEY WRP - SWS(N/S)	S0057
19044	2/8/22	MWRD	MWRDGC STICKNEY WRP - WS	S0058
19053	2/8/22	MWRD	MWRDGC-JOHN E. EGAN WRP	S0062
19736	2/8/22	HR	O'Hare H&R	na
N/A	2/9/2022	AMC	O'Hare AMC	#N/A
19745	2/8/22		GALESBURG SD STP	S0027
18488	2/7/22		CENTRALIA STP	S0011
18744	2/8/22		CARROLLTON STP	S0010
19125	2/8/22		QUINCY STP	S0045
19698	2/8/22		PRINCETON STP	S0054
19615	2/7/22		SAVANNA WWTP	S0046
18711	2/7/22		CRYSTAL LAKE WWTP 3	S0017
18710	2/7/22		CRYSTAL LAKE STP 2	S0016
18966	2/7/22		NSSD WAUKEGAN STP	S0043
19016	2/7/22		NSSD GURNEE STP	S0042
19086	2/7/22		NSSD CLAVEY ROAD STP	S0041
18688	2/8/22		DANVILLE SD	S0018
18717	na		EFFINGHAM STP	na
18753	2/7/22		EFFINGHAM STP	S0021
19627	2/7/22		URBANA-CHAMPAIGN SD NE STP	S0049
18423	2/8/22		CARROLLTON STP	S0010
18438	2/8/22		FOX METRO WRD WWTP	S0024
18920	2/10/22	CDM	SMH000062398	S0092
18876	2/10/22	CDM	SMH000025183	S0090
18952	2/10/22	CDM	SMH000017048	S0089
18718	2/9/22		FOUR RIVERS SANITATION AUTHORITY	S0023
18507	2/9/22		EFFINGHAM STP	S0021
19728	2/8/22		KANKAKEE RIVER METRO AGENCY	S0030
18741	2/9/22		BELLEVILLE STP 1 - West	S0005
18728	2/9/22		CANTON WEST STP	S0015
18771	2/9/22		CHENOA STP	S0012
19680	2/9/22		PEKIN STP 1	S0052
19737	2/8/22		JACKSONVILLE STP	S0029
19070	2/9/22		MOLINE NORTH STP	S0034
19720	2/9/22		PEORIA SD STP	S0028
19085	2/9/22		MOLINE SOUTH STP	S0035
19071	2/9/22		NAPERVILLE SPRINGBROOK WRC	S0040
18415	2/9/22		BATAVIA WWTF	S0002
19634	2/9/22		LACON WWTP	S0050
18678	2/9/22		FREEPORT WWTF	S0025
18738	2/9/22		GALENA SOUTH STP	S0026
19658	2/8/22		SHELBYVILLE STP	S0047
19119	2/9/22		PITTSFIELD STP	S0044
18426	2/9/22		BELLEVILLE STP 1 - East	S0004
18404	2/9/22		FLORA STP	S0022
18505	2/9/22		CHENOA STP	na
18684	2/9/22		DUQUOIN STP	S0020
18435	2/9/22		BELVIDERE STP	S0006
19668	2/9/22		STERLING-ELKHORN CREEK STP	S0048
19699	2/8/22		MONMOUTH MAIN STP	S0051
18449	2/9/22		DECATUR SD MAIN STP	S0019
18729	2/8/22		CHESTER STP	S0013
19678	2/9/22		KISHWAUKEE WATER RECLAMATION DISTRICT WWTP	S0031
18428	2/8/22		BEARDSTOWN SD STP	S0003
18451	2/9/22		CHRISTIAN COUNTY WRD STP	S0014
19681	2/9/22		OLNEY STP	S0055
18759	2/8/22		BLOOMINGTON/NORMAL WRD STP - West Plant 3	S0009
18756	2/8/22		BLOOMINGTON-NORMAL WRD SE WWTP - South Plant 4	S0007
18411	2/8/22		BLOOMINGTON/NORMAL WRD STP - West Plant 1	S0008
18962	2/7/22		STAUNTON STP	S0056
19116	2/8/22		MACOMB STP	S0033
18720	2/9/22		DANVILLE SD	S0018
19010	2/9/22		NSSD GURNEE STP	S0042
19050	2/9/22		NSSD CLAVEY ROAD STP	S0041
19009	2/9/22		NSSD WAUKEGAN STP	S0043
19746	2/9/22		GALESBURG SD STP	S0027
18998	2/9/22		MT. VERNON STP	S0039
19115	2/9/22		MACOMB STP	S0033
18774	2/9/22		ANNA STP	S0001
19648	2/9/22		QUINCY STP	na
18739	2/9/22		CRYSTAL LAKE WWTP 3	S0017
18713	2/9/22		CRYSTAL LAKE STP 2	S0016
19686	2/8/22		URBANA-CHAMPAIGN SD NE STP	S0049
19614	2/10/22		SHELBYVILLE STP	S0047
19738	2/10/22		JACKSONVILLE STP	S0029
19632	2/10/22		PRINCETON STP	S0054
18493	2/10/22		CARROLLTON STP	S0010
		CDM Site 7 (Unable to collect)		
19012	2/14/22	CDM	SMH000111150	S0094
19073	2/13/22	MWRD	METROPOLITAN WRDGC-KIRIE	S0061
18850	2/14/22	CDM	SMH000116477	S0095
19069	2/13/22	MWRD	MWRDGC CALUMET WRP	S0060
18911	2/14/22	CDM	SMH000072456	S0093
N/A	2/14/22	HR	O'Hare H&R	#N/A
19078	2/13/22	MWRD	MWRDGC HANOVER PARK WRP	S0064
N/A	2/14/22	AMC	O'Hare AMC	#N/A
19074	2/13/22	MWRD	MWRDGC-JOHN E. EGAN WRP	S0062
19059	2/13/22	MWRD	MWRDGC STICKNEY WRP - SWS(N/S)	S0057
19058	2/13/22	MWRD	MWRDGC STICKNEY WRP - WS	S0058
19068	2/13/22	MWRD	MWRDGC TERRENCE J O'BRIEN WTR RECLAMATION PLANT	S0059
19079	2/14/22	MWRD	METROPOLITAN WRDGC-KIRIE	S0061
19657	2/10/22		SAVANNA WWTP	S0046
19061	2/15/22	CDM	SMH000062398	S0092
19062	2/15/22	CDM	SMH000025183	S0090
18940	2/15/22	CDM	SMH000017048	S0089
18460	2/14/22		CHENOA STP	S0012
19730	2/14/22		LACON WWTP	S0050
20913	2/14/22		NAPERVILLE SPRINGBROOK WRC	S0040
18690	2/14/22		GALENA SOUTH STP	S0026
18683	2/14/22		FREEPORT WWTF	S0025
21660	2/14/22		KANKAKEE RIVER METRO AGENCY	S0030
18506	2/14/22		CHRISTIAN COUNTY WRD STP	S0014
18823	2/14/22		DIXON STP	S0096
18504	2/14/22		CHESTER STP	S0013
18709	2/14/22		CANTON WEST STP	S0015
19695	2/14/22		KISHWAUKEE WATER RECLAMATION DISTRICT WWTP	S0031
18464	2/14/22		FOUR RIVERS SANITATION AUTHORITY	S0023
18384	2/14/22		BATAVIA WWTF	S0002
19616	2/14/22		MOLINE NORTH STP	S0034
19066	2/14/22		MOLINE SOUTH STP	S0035
19677	2/14/22		OLNEY STP	S0055
19690	2/14/22		PEKIN STP 1	na
18465	2/14/22		FLORA STP	S0022
18961	2/14/22		MWRDGC LEMONT WRP	S0063
18806	2/13/22		BLOOMINGTON/NORMAL WRD STP - West Plant 3	S0009
18803	2/13/22		BLOOMINGTON-NORMAL WRD SE WWTP - South Plant 4	S0007
19112	2/14/22		PITTSFIELD STP	S0044
19640	2/14/22		STERLING-ELKHORN CREEK STP	S0048
18775	2/14/22		ANNA STP	S0001
18804	2/13/22		BLOOMINGTON/NORMAL WRD STP - West Plant 1	S0008
18697	2/14/22		DUQUOIN STP	S0020
18674	2/13/22		EFFINGHAM STP	S0021
18420	2/13/22		BEARDSTOWN SD STP	S0003
19077	2/14/22		MT. VERNON STP	S0039
21870	2/14/22		DECATUR SD MAIN STP	S0019
19729	2/14/22		JACKSONVILLE STP	S0029
19731	2/14/22		PEORIA SD STP	S0028
21578	2/14/22		BELVIDERE STP	S0006
19004	2/15/22	CCJ	CCJ- Division 11 (Pod B)	S0070
21999	2/15/22	CCJ	CCJ- Division 9	S0083
22009	2/15/22	CCJ	CCJ- Division 8/ RTU	S0082
21693	2/15/22	CCJ	CCJ- Division 5	S0079
21940	2/15/22	CCJ	CCJ- Division 6 (South)	S0081
18948	2/15/22	CCJ	CCJ- Division 10	S0068
21556	2/15/22	CCJ	CCJ- Division 11 (Pod A)	S0069
22012	2/15/22	CCJ	CCJ- Division 11 (Pod C)	S0071
18422	2/13/22		BELLEVILLE STP 1 - East	S0004
18749	2/13/22		BELLEVILLE STP 1 - West	S0005
18827	2/16/22	CDM	MHOL23-00116	S0086
18857	2/16/22	CDM	SMH000111150	S0094
18883	2/16/22	CDM	SMH000072456	S0093
18925	2/16/22	CDM	SMH000116477	S0095
20055	2/14/22		URBANA-CHAMPAIGN SD NE STP	S0049
18748	2/15/22		CARROLLTON STP	S0010
21910	2/15/22		SPRING VALLEY STP	S0097
19654	2/15/22		SHELBYVILLE STP	S0047
19744	2/15/22		GALESBURG SD STP	S0027
18370	2/14/22		CRYSTAL LAKE WWTP 3	S0017
18809	2/15/22		PRINCETON STP	S0054
18733	2/14/22		DANVILLE SD	S0018
21043	2/14/22		NSSD GURNEE STP	S0042
18781	2/14/22		CRYSTAL LAKE STP 2	S0016
21019	2/14/22		NSSD WAUKEGAN STP	S0043
21007	2/14/22		NSSD CLAVEY ROAD STP	S0041
19617	2/15/22		QUINCY STP	S0045
19087	2/15/22	MWRD	MWRDGC STICKNEY WRP - SWS(N/S)	S0057
19082	2/15/22	MWRD	MWRDGC STICKNEY WRP - WS	S0058
19095	2/15/22	MWRD	MWRDGC CALUMET WRP	S0060
19107	2/15/22	MWRD	MWRDGC HANOVER PARK WRP	S0064
19088	2/15/22	MWRD	MWRDGC TERRENCE J O'BRIEN WTR RECLAMATION PLANT	S0059
19101	2/15/22	MWRD	MWRDGC-JOHN E. EGAN WRP	S0062
19100	2/15/22	MWRD	METROPOLITAN WRDGC-KIRIE	S0061
19109	2/15/22	MWRD	MWRDGC LEMONT WRP	S0063
18942	2/16/22	HR	O'Hare H&R	na
N/A	2/16/22	AMC	O'Hare AMC	#N/A
19612	2/15/22		SAVANNA WWTP	S0046
21610	2/16/22		MT. VERNON STP	S0039
19721	2/16/22		PEORIA SD STP	S0028
20950	2/15/22		BEARDSTOWN SD STP	S0003
18471	2/16/22		FLORA STP	S0022
22138	2/17/22	CDM	SMH000017048	S0089
21553	2/17/22	CDM	SMH000025183	S0090
21939	2/17/22	CDM	SMH000062398	S0092
20956	2/16/22		JACKSONVILLE STP	S0029
18963	2/16/22		STAUNTON STP	S0056
18795	2/16/22		DIXON STP	S0096
21862	2/16/22		DUQUOIN STP	S0020
18698	2/16/22		FOX METRO WRD WWTP	S0024
20067	2/16/22		FREEPORT WWTF	S0025
20929	2/16/22		CHESTER STP	S0013
20943	2/16/22		ANNA STP	S0001
20901	2/16/22		NAPERVILLE SPRINGBROOK WRC	S0040
19620	2/16/22		PITTSFIELD STP	S0044
20957	2/16/22		CHRISTIAN COUNTY WRD STP	S0014
21564	2/16/22		EFFINGHAM STP	S0021
19717	2/16/22		OLNEY STP	S0055
21622	2/16/22		CANTON WEST STP	S0015
18861	2/16/22		PEKIN STP 1	na
19655	2/15/22		MONMOUTH MAIN STP	S0051
21611	2/16/22		KISHWAUKEE WATER RECLAMATION DISTRICT WWTP	S0031
21853	2/15/22		BELLEVILLE STP 1 - West	S0005
21857	2/15/22		BELLEVILLE STP 1 - East	S0004
21900	2/16/22		DECATUR SD MAIN STP	S0019
18724	2/16/22		CHENOA STP	S0012
18802	2/15/22		BLOOMINGTON-NORMAL WRD SE WWTP - South Plant 4	S0007
18786	2/15/22		BLOOMINGTON/NORMAL WRD STP - West Plant 1	S0008
18784	2/15/22		BLOOMINGTON/NORMAL WRD STP - West Plant 3	S0009
19647	2/16/22		LACON WWTP	S0050
21579	2/16/22		BELVIDERE STP	S0006
21570	2/16/22		KANKAKEE RIVER METRO AGENCY	S0030
19660	2/13/22		MONMOUTH MAIN STP	S0051
20915	2/16/22		NSSD WAUKEGAN STP	S0043
20910	2/16/22		NSSD CLAVEY ROAD STP	S0041
20968	2/16/22		NSSD GURNEE STP	S0042
18722	2/15/22		FOUR RIVERS SANITATION AUTHORITY	S0023
18375	2/16/22		CRYSTAL LAKE WWTP 3	S0017
18787	2/16/22		CRYSTAL LAKE STP 2	S0016
19123	2/16/22		MACOMB STP	S0033
20048	2/16/22		GALENA SOUTH STP	S0026
18782	2/16/22		MOLINE SOUTH STP	S0035
18785	2/16/22		MOLINE NORTH STP	S0034
20980	2/17/22		SAVANNA WWTP	S0046
18712	2/16/22		DANVILLE SD	S0018
21976	2/17/22		SPRING VALLEY STP	S0097
21642	2/17/22		CARROLLTON STP	S0010
20049	2/17/22		GALESBURG SD STP	S0027
19628	2/16/22		STERLING-ELKHORN CREEK STP	S0048
19622	2/16/22		SHELBYVILLE STP	S0047
20023	2/16/22		URBANA-CHAMPAIGN SD NE STP	S0049
19644	2/17/22		PRINCETON STP	S0054
21636	2/21/22	CDM	SMH000072456	S0093
21690	2/21/22	CDM	MHOL23-00116	S0086
21659	2/21/22	CDM	SMH000111150	S0094
21960	2/21/22	CDM	SMH000116477	S0095
20510	2/21/22	AMC	O'Hare AMC	S0087
20516	2/21/22	HR	O'Hare H&R	S0088
20063	2/21/22		GALENA SOUTH STP	S0026
18877	2/20/22		BLOOMINGTON-NORMAL WRD SE WWTP - South Plant 4	S0007
18815	2/20/22		BLOOMINGTON/NORMAL WRD STP - West Plant 1	S0008
18812	2/20/22		BLOOMINGTON/NORMAL WRD STP - West Plant 3	S0009
20926	2/21/22		CHRISTIAN COUNTY WRD STP	S0014
21601	2/21/22		BELVIDERE STP	S0006
18860	2/21/22		PEKIN STP 1	na
21872	2/21/22		DECATUR SD MAIN STP	S0019
20985	2/21/22		NAPERVILLE SPRINGBROOK WRC	S0040
18818	2/21/22		STAUNTON STP	S0056
19948	2/22/22		FLORA STP	S0022
19949	2/21/22		PEORIA SD STP	S0028
22133	2/22/22	CDM	SMH000062398	S0092
22141	2/22/22	CDM	SMH000025183	S0090
21583	2/22/22	CDM	SMH000017048	S0089
18923	2/21/22		LACON WWTP	S0050
21565	2/21/22		EFFINGHAM STP	S0021
22689	2/21/22		NORTHERN MORAINE WW RECLAMATION DIST WWTP	S0098
22023	2/21/22		MT. VERNON STP	S0039
20941	2/21/22		BATAVIA WWTF	S0002
21598	2/21/22		CANTON WEST STP	S0015
20959	2/21/22		BEARDSTOWN SD STP	S0003
20905	2/21/22		ANNA STP	S0001
20509	2/21/22	MWRD	MWRDGC STICKNEY WRP - WS	S0058
20533	2/21/22	MWRD	MWRDGC STICKNEY WRP - SWS(N/S)	S0057
20512	2/21/22	MWRD	MWRDGC-JOHN E. EGAN WRP	S0062
20507	2/21/22	MWRD	MWRDGC TERRENCE J O'BRIEN WTR RECLAMATION PLANT	S0059
21899	2/21/22	MWRD	MWRDGC HANOVER PARK WRP	S0064
20534	2/21/22	MWRD	MWRDGC CALUMET WRP	S0060
20532	2/21/22	MWRD	MWRDGC LEMONT WRP	S0063
20557	2/21/22	MWRD	METROPOLITAN WRDGC-KIRIE	S0061
21628	2/22/22		MACOMB STP	S0033
20052	2/21/22		GALESBURG SD STP	S0027
20967	2/22/22		JACKSONVILLE STP	S0029
18715	2/22/22		FOX METRO WRD WWTP	S0024
18437	2/21/22		CENTRALIA STP	S0011
21567	2/21/22		KANKAKEE RIVER METRO AGENCY	S0030
19111	2/21/22		QUINCY STP	S0045
19994	2/22/22		URBANA-CHAMPAIGN SD NE STP	S0049
21927	2/22/22		SPRING VALLEY STP	S0097
20994	2/21/22		NSSD CLAVEY ROAD STP	S0041
21014	2/21/22		NSSD GURNEE STP	S0042
20975	2/21/22		NSSD WAUKEGAN STP	S0043
21653	2/23/22	CDM	SMH000111150	S0094
21681	2/23/22	CDM	SMH000072456	S0093
22019	2/23/22	CDM	SMH000116477	S0095
18842	2/23/22	CDM	MHOL23-00116	S0086
18381	2/21/22		CRYSTAL LAKE STP 2	S0016
18378	2/21/22		CRYSTAL LAKE WWTP 3	S0017
18835	2/21/22		PRINCETON STP	S0054
21009	2/22/22		SAVANNA WWTP	na
21641	2/2/22		CARROLLTON STP	S0010
21864	2/21/22		DANVILLE SD	S0018
20529	2/23/22	AMC	O'Hare AMC	S0087
20487	2/23/22	HR	O'Hare H&R	S0088
20561	2/22/22	MWRD	MWRDGC STICKNEY WRP - WS	S0058
20918	2/22/22	MWRD	MWRDGC STICKNEY WRP - SWS(N/S)	S0057
21896	2/22/22	MWRD	MWRDGC TERRENCE J O'BRIEN WTR RECLAMATION PLANT	S0059
20978	2/22/22	MWRD	MWRDGC-JOHN E. EGAN WRP	S0062
21854	2/22/22	MWRD	METROPOLITAN WRDGC-KIRIE	S0061
20990	2/22/22	MWRD	MWRDGC HANOVER PARK WRP	S0064
20970	2/22/22	MWRD	MWRDGC CALUMET WRP	S0060
21860	2/23/22	MWRD	MWRDGC LEMONT WRP	S0063
21966	2/24/22	CDM	SMH000062398	S0092
21950	2/24/22	CDM	SMH000017048	S0089
22000	2/24/22	CDM	SMH000025183	S0090
21632	2/23/22		BELVIDERE STP	S0006
21662	2/23/22		EFFINGHAM STP	S0021
21613	2/23/22		KISHWAUKEE WATER RECLAMATION DISTRICT WWTP	S0031
22672	2/23/22		NORTHERN MORAINE WW RECLAMATION DIST WWTP	S0098
18913	2/23/22		STERLING-ELKHORN CREEK STP	S0048
18783	2/23/22		DIXON STP	S0096
20976	2/23/22		CHRISTIAN COUNTY WRD STP	S0014
20912	2/23/22		NAPERVILLE SPRINGBROOK WRC	S0040
19955	2/22/22		FOUR RIVERS SANITATION AUTHORITY	S0023
18816	2/23/22		STAUNTON STP	S0056
18849	2/23/22		PEKIN STP 1	na
19946	2/23/22		FLORA STP	S0022
21848	2/23/22		DECATUR SD MAIN STP	S0019
20903	2/23/22		BELLEVILLE STP 1 - East	S0004
21012	2/23/22		BELLEVILLE STP 1 - West	S0005
21045	2/23/22		JACKSONVILLE STP	S0029
18799	2/23/22		OLNEY STP	S0055
20050	2/23/22		GALENA SOUTH STP	S0026
21640	2/23/22		KANKAKEE RIVER METRO AGENCY	S0030
18492	2/23/22		CHENOA STP	S0012
18373	2/22/22		BLOOMINGTON/NORMAL WRD STP - West Plant 3	S0009
18805	2/22/22		BLOOMINGTON/NORMAL WRD STP - West Plant 1	S0008
18369	2/21/22		MOLINE SOUTH STP	S0035
21008	2/23/22		MOLINE NORTH STP	S0034
18789	2/21/22		MOLINE NORTH STP	S0034
18855	2/23/22		MOLINE SOUTH STP	S0035
18374	2/22/22		BLOOMINGTON-NORMAL WRD SE WWTP - South Plant 4	S0007
19945	2/23/22		FREEPORT WWTF	S0025
21623	2/23/22		MACOMB STP	S0033
20059	2/23/22		PEORIA SD STP	S0028
19998	2/23/22		LACON WWTP	S0050
20907	2/22/22		BEARDSTOWN SD STP	S0003
20930	2/23/22		ANNA STP	S0001
21606	2/23/22		MT. VERNON STP	S0039
20969	2/22/22		CHESTER STP	S0013
21905	2/23/22		DUQUOIN STP	S0020
21589	2/23/22		PITTSFIELD STP	S0044
21615	2/23/22		CANTON WEST STP	S0015
21890	2/23/22		DANVILLE SD	S0018
21010	2/23/22		NSSD WAUKEGAN STP	S0043
18831	2/24/22		PRINCETON STP	S0054
21618	2/24/22		CARROLLTON STP	S0010
18376	2/23/22		CRYSTAL LAKE WWTP 3	S0017
20951	2/23/22		SAVANNA WWTP	na
18382	2/23/22		CRYSTAL LAKE STP 2	S0016
21974	2/24/22		SPRING VALLEY STP	S0097
21038	2/23/22		NSSD CLAVEY ROAD STP	S0041
19995	2/23/22		URBANA-CHAMPAIGN SD NE STP	S0049
20908	2/23/22		NSSD GURNEE STP	S0042
18723	2/23/22		CENTRALIA STP	S0011
19113	2/23/22		QUINCY STP	na
22132	2/28/22	CDM	SMH000072456	S0093
21688	2/28/22	CDM	SMH000111150	S0094
22134	2/28/22	CDM	SMH000116477	S0095
18924	2/28/22	CDM	MHOL23-00116	S0086
	2/28/22	CDM4	SMH000072456	
	2/28/22	CDM5	SMH000116477	
	2/28/22	CDM6	SMH000111150	
	2/28/22	CDM7	MHOL23-00116	
20070	2/23/22		GALESBURG SD STP	S0027
20565	2/27/22	MWRD	MWRDGC-JOHN E. EGAN WRP	S0062
21651	2/28/22	HR	O'Hare H&R	S0088
20563	2/28/22	AMC	O'Hare AMC	S0087
21891	2/27/22	MWRD	MWRDGC TERRENCE J O'BRIEN WTR RECLAMATION PLANT	S0059
20920	2/27/22	MWRD	MWRDGC HANOVER PARK WRP	S0064
20519	2/27/22	MWRD	MWRDGC STICKNEY WRP - SWS(N/S)	S0057
20518	2/27/22	MWRD	MWRDGC STICKNEY WRP - WS	S0058
20991	2/27/22	MWRD	METROPOLITAN WRDGC-KIRIE	S0061
21859	2/28/22	MWRD	MWRDGC LEMONT WRP	S0063
20546	2/27/22	MWRD	MWRDGC CALUMET WRP	S0060
20914	2/28/22		NAPERVILLE SPRINGBROOK WRC	S0040
22674	2/28/22		NORTHERN MORAINE WW RECLAMATION DIST WWTP	S0098
21015	2/28/22		JACKSONVILLE STP	S0029
20954	2/28/22		ANNA STP	S0001
18867	2/28/22		STAUNTON STP	S0056
20077	2/28/22		GALENA SOUTH STP	na
18801	2/28/22		DIXON STP	S0096
20931	2/28/22		CHESTER STP	S0013
20964	2/28/22		CHRISTIAN COUNTY WRD STP	S0014
21898	2/28/22		DECATUR SD MAIN STP	S0019
21003	2/28/22		BELLEVILLE STP 1 - West	S0005
20904	2/28/22		BATAVIA WWTF	S0002
21006	2/28/22		BELLEVILLE STP 1 - East	S0004
19990	2/28/22		FLORA STP	S0022
21958	3/1/22	CDM	SMH000062398	S0092
21909	3/1/22	CDM	SMH000025183	S0090
21715	3/1/22	CDM	SMH000017048	S0089
21552	2/28/22		KANKAKEE RIVER METRO AGENCY	S0030
20060	2/28/22		FREEPORT WWTF	S0025
19957	2/28/22		PEORIA SD STP	S0028
21682	2/28/22		PITTSFIELD STP	S0044
21604	2/28/22		KISHWAUKEE WATER RECLAMATION DISTRICT WWTP	S0031
22926	2/27/22		BEARDSTOWN SD STP	S0003
21592	2/28/22		BELVIDERE STP	S0006
20071	2/28/22		FOUR RIVERS SANITATION AUTHORITY	S0023
21571	2/27/22		EFFINGHAM STP	S0021
19997	2/28/22		LACON WWTP	S0050
18859	2/28/22		PEKIN STP 1	na
21584	2/28/22		CANTON WEST STP	S0015
18798	2/28/22		OLNEY STP	S0055
18499	2/28/22		MOLINE SOUTH STP	S0035
18480	2/28/22		MOLINE NORTH STP	S0034
21619	2/28/22		MT. VERNON STP	S0039
18909	2/28/22		STERLING-ELKHORN CREEK STP	S0048
21901	2/28/22		DUQUOIN STP	S0020
21687	3/1/22	CCJ	CCJ- Division 3	S0077
20536	3/1/22	CCJ	CCJ- Division 11 (Pod A)	S0069
21678	3/1/22	CCJ	CCJ- Division 11 (Pod B)	S0070
20506	3/1/22	CCJ	CCJ- Division 5	S0079
22523	3/1/22	CCJ	CCJ- Division 8/ RTU	S0082
21568	3/1/22	CCJ	CCJ- Division 10	S0068
22143	3/1/22	CCJ	CCJ- Division 9	S0083
20520	3/1/22	CCJ	CCJ- Division 6	S0080
22920	2/28/22		CHENOA STP	S0012
20000	2/28/22		URBANA-CHAMPAIGN SD NE STP	S0049
18836	2/27/22		BLOOMINGTON/NORMAL WRD STP - West Plant 1	S0008
18838	2/27/22		BLOOMINGTON/NORMAL WRD STP - West Plant 3	S0009
18810	2/27/22		BLOOMINGTON-NORMAL WRD SE WWTP - South Plant 4	S0007
20002	3/1/22		PRINCETON STP	S0054
21631	3/1/22		MACOMB STP	S0033
18379	2/28/22		CRYSTAL LAKE STP 2	S0016
21996	3/2/22	CDM	SMH000116477	S0095
21969	3/2/22	CDM	SMH000111150	S0094
22139	3/2/22	CDM	MHOL23-00116	S0086
21945	3/2/22	CDM	SMH000072456	S0093
	3/2/22	CDM4	SMH000072456	
	3/2/22	CDM5	SMH000116477	
	3/2/22	CDM6	SMH000111150	
	3/2/22	CDM7	MHOL23-00116	
21017	2/28/22		NSSD GURNEE STP	S0042
21013	3/1/22		QUINCY STP	S0045
20925	2/28/22		SHELBYVILLE STP	S0047
22878	2/28/22		CENTRALIA STP	S0011
20993	2/28/22		NSSD CLAVEY ROAD STP	S0041
20061	2/28/22		GALESBURG SD STP	S0027
20983	2/28/22		NSSD WAUKEGAN STP	S0043
18765	2/28/22		CRYSTAL LAKE WWTP 3	S0017
20948	3/1/22		SAVANNA WWTP	S0046
21971	3/1/22		SPRING VALLEY STP	S0097
22781	3/1/22		DANVILLE SD	S0018
20480	3/2/22	HR	O'Hare H&R	S0088
20540	3/2/22	AMC	O'Hare AMC	S0087
20921	3/1/22	MWRD	MWRDGC LEMONT WRP	S0063
20988	3/1/22	MWRD	MWRDGC CALUMET WRP	S0060
21871	3/1/22	MWRD	MWRDGC-JOHN E. EGAN WRP	S0062
21889	3/1/22	MWRD	MWRDGC HANOVER PARK WRP	S0064
21873	3/1/22	MWRD	MWRDGC TERRENCE J O'BRIEN WTR RECLAMATION PLANT	S0059
20909	3/1/22	MWRD	MWRDGC STICKNEY WRP - SWS(N/S)	S0057
21850	3/1/22	MWRD	MWRDGC STICKNEY WRP - WS	S0058
21888	3/1/22	MWRD	METROPOLITAN WRDGC-KIRIE	S0061
21874	3/2/22		DUQUOIN STP	na
20057	3/2/22		GALENA SOUTH STP	S0026
20927	3/2/22		CHRISTIAN COUNTY WRD STP	S0014
21902	3/2/22		DECATUR SD MAIN STP	S0019
20902	3/2/22		BATAVIA WWTF	S0002
20938	3/2/22		ANNA STP	S0001
20961	3/2/22		NAPERVILLE SPRINGBROOK WRC	S0040
18840	3/2/22		LACON WWTP	S0050
21658	3/2/22		MT. VERNON STP	S0039
18856	3/2/22		STAUNTON STP	S0056
21962	3/3/22	CDM	SMH000017048	S0089
22144	3/3/22	CDM	SMH000025183	S0090
22001	3/3/22	CDM	SMH000062398	S0092
20977	3/2/22		BELLEVILLE STP 1 - West	S0005
20919	3/2/22		BELLEVILLE STP 1 - East	S0004
21897	2/2/22		CANTON WEST STP	S0015
18820	3/2/22		PEKIN STP 1	na
22847	3/2/22		CHENOA STP	S0012
22935	3/1/22		BEARDSTOWN SD STP	S0003
21674	3/2/22		PITTSFIELD STP	S0044
22678	2/28/22		NORTHERN MORAINE WW RECLAMATION DIST WWTP	S0098
21582	3/1/22		CARROLLTON STP	S0010
19952	3/1/22		FREEPORT WWTF	S0025
19958	3/2/22		FOUR RIVERS SANITATION AUTHORITY	S0023
19931	3/2/22		FLORA STP	S0022
18819	3/2/22		OLNEY STP	S0055
18367	3/2/22		MOLINE SOUTH STP	S0035
18766	3/2/22		MOLINE NORTH STP	S0034
20997	2/2/22		CHESTER STP	S0013
21599	3/2/22		BELVIDERE STP	S0006
20075	3/2/22		JACKSONVILLE STP	S0029
20072	3/2/22		PEORIA SD STP	S0028
18874	3/2/22		STERLING-ELKHORN CREEK STP	S0048
20041	3/1/22		OTTAWA WWTP	S0053
21616	3/2/22		KISHWAUKEE WATER RECLAMATION DISTRICT WWTP	S0031
18764	3/1/22		BLOOMINGTON/NORMAL WRD STP - West Plant 1	S0008
18807	3/1/22		BLOOMINGTON/NORMAL WRD STP - West Plant 3	S0009
18808	3/1/22		BLOOMINGTON-NORMAL WRD SE WWTP - South Plant 4	S0007
22006	3/2/22		KANKAKEE RIVER METRO AGENCY	S0030
19932	3/2/22		EFFINGHAM STP	S0021
21989	3/3/22	CCJ	CCJ- Division 11 (Pod A)	S0069
21912	3/3/22	CCJ	CCJ- Division 11 (Pod B)	S0070
22128	3/3/22	CCJ	CCJ- Division 10	S0068
22520	3/3/22	CCJ	CCJ- Division 3	S0077
22129	3/3/22	CCJ	CCJ- Division 6 (South)	S0081
21972	3/3/22	CCJ	CCJ- Division 9	S0083
22513	3/3/22	CCJ	CCJ- Division 5	S0079
21984	3/3/22	CCJ	CCJ- Division 8/ RTU	S0082
21635	3/3/22		CARROLLTON STP	S0010
21040	3/2/22		NSSD WAUKEGAN STP	S0043
21035	3/2/22		NSSD CLAVEY ROAD STP	S0041
21041	3/2/22		NSSD GURNEE STP	S0042
21918	3/3/22		SPRING VALLEY STP	S0097
22491	3/3/22		MACOMB STP	S0033
20078	3/3/22		GALESBURG SD STP	S0027
18800	3/3/22		DIXON STP	S0096
19993	3/2/22		URBANA-CHAMPAIGN SD NE STP	S0049
18839	3/3/22		PRINCETON STP	S0054
18383	3/2/22		CRYSTAL LAKE STP 2	S0016
18380	3/2/22		CRYSTAL LAKE WWTP 3	S0017
20974	3/3/22		QUINCY STP	S0045
22794	3/3/22		DANVILLE SD	S0018
20923	3/3/22		SAVANNA WWTP	S0046
21671	3/7/22	CDM	SMH000111150	S0094
20470	3/7/22	CDM	SMH000116477	S0095
21751	3/7/22	CDM	MHOL23-00116	S0086
20503	3/7/22	CDM	SMH000072456	S0093
21669	3/7/22	AMC	O'Hare AMC	S0087
21596	3/7/22	HR	O'Hare H&R	S0088
20542	3/6/22	MWRD	MWRDGC STICKNEY WRP - SWS(N/S)	S0057
20500	3/6/22	MWRD	METROPOLITAN WRDGC-KIRIE	S0061
20549	3/6/22	MWRD	MWRDGC-JOHN E. EGAN WRP	S0062
20548	3/6/22	MWRD	MWRDGC STICKNEY WRP - WS	S0058
21044	3/6/22	MWRD	MWRDGC TERRENCE J O'BRIEN WTR RECLAMATION PLANT	S0059
20524	3/7/22	MWRD	MWRDGC LEMONT WRP	S0063
21886	3/6/22	MWRD	MWRDGC HANOVER PARK WRP	S0064
20973	3/6/22	MWRD	MWRDGC CALUMET WRP	S0060
	3/7/22	CDM4	SMH000072456	
	3/7/22	CDM5	SMH000116477	
	3/7/22	CDM6	SMH000111150	
	3/7/22	CDM7	MHOL23-00116	
18873	3/7/22		PEKIN STP 1	na
22818	3/7/22		CANTON WEST STP	S0015
21627	3/7/22		KISHWAUKEE WATER RECLAMATION DISTRICT WWTP	S0031
21798	3/7/22		KANKAKEE RIVER METRO AGENCY	S0030
18825	3/7/22		OLNEY STP	S0055
19954	3/7/22		GALENA SOUTH STP	S0026
18797	3/7/22		DIXON STP	S0096
20924	3/7/22		JACKSONVILLE STP	S0029
22676	3/7/22		NORTHERN MORAINE WW RECLAMATION DIST WWTP	S0098
20939	3/7/22		CHRISTIAN COUNTY WRD STP	S0014
21574	3/7/22		EFFINGHAM STP	S0021
18780	3/7/22		STAUNTON STP	S0056
21879	3/7/22		DUQUOIN STP	S0020
20935	3/7/22		BATAVIA WWTF	S0002
21004	3/7/22		NAPERVILLE SPRINGBROOK WRC	S0040
18837	3/7/22		STERLING-ELKHORN CREEK STP	S0048
21676	3/8/22	CDM	SMH000025183	S0090
21907	3/8/22	CDM	SMH000062398	S0092
21987	3/8/22	CDM	SMH000017048	S0089
20066	3/7/22		PEORIA SD STP	S0028
20916	3/7/22		PITTSFIELD STP	S0044
22817	3/6/22		BEARDSTOWN SD STP	S0003
21863	3/7/22		DECATUR SD MAIN STP	S0019
22874	2/7/22		CHENOA STP	S0012
18901	3/7/22		LACON WWTP	S0050
20986	3/7/22		ANNA STP	S0001
21852	3/6/22		BELLEVILLE STP 1 - West	S0005
21849	3/6/22		BELLEVILLE STP 1 - East	S0004
23182	3/7/22		FOUR RIVERS SANITATION AUTHORITY	S0023
21634	3/7/22		BELVIDERE STP	S0006
20958	3/7/22		CHESTER STP	S0013
21663	3/7/22		MT. VERNON STP	S0039
20020	3/7/22		OTTAWA WWTP	S0053
21001	3/7/22		MOLINE SOUTH STP	S0035
20064	3/7/22		FREEPORT WWTF	S0025
21000	3/7/22		MOLINE NORTH STP	S0034
22819	3/6/22		BLOOMINGTON/NORMAL WRD STP - West Plant 3	S0009
22820	3/6/22		BLOOMINGTON-NORMAL WRD SE WWTP - South Plant 4	S0007
21799	3/8/22	CCJ	CCJ- Division 11 (Pod B)	S0070
22130	3/8/22	CCJ	CCJ- Division 11 (Pod A)	S0069
21766	3/8/22	CCJ	CCJ- Division 6 (South)	S0081
22460	3/8/22	CCJ	CCJ- Division 3	S0077
21982	3/8/22	CCJ	CCJ- Division 5	S0079
21983	3/8/22	CCJ	CCJ- Division 9	S0083
21796	3/8/22	CCJ	CCJ- Division 10	S0068
21922	3/8/22	CCJ	CCJ- Division 8/ RTU	S0082
21961	3/9/22	CDM	MHOL23-00116	S0086
21959	3/9/22	CDM	SMH000072456	S0093
21965	3/9/22	CDM	SMH000111150	S0094
21944	3/9/22	CDM	SMH000116477	S0095
	3/9/22	CDM4		
	3/9/22	CDM5		
	3/9/22	CDM6		
	3/9/22	CDM7		
22829	3/6/22		BLOOMINGTON/NORMAL WRD STP - West Plant 1	S0008
20539	3/8/22	MWRD	MWRDGC STICKNEY WRP - SWS(N/S)	S0057
20538	3/8/22	MWRD	MWRDGC STICKNEY WRP - WS	S0058
21867	3/8/22	MWRD	MWRDGC-JOHN E. EGAN WRP	S0062
20526	3/8/22	MWRD	METROPOLITAN WRDGC-KIRIE	S0061
20545	3/8/22	MWRD	MWRDGC TERRENCE J O'BRIEN WTR RECLAMATION PLANT	S0059
21895	3/8/22	MWRD	MWRDGC CALUMET WRP	S0060
20531	3/9/22	MWRD	MWRDGC LEMONT WRP	S0063
20996	3/8/22	MWRD	MWRDGC HANOVER PARK WRP	S0064
20515	3/9/22	HR	O'Hare H&R	S0088
20511	3/9/22	AMC	O'Hare AMC	S0087
22530	3/7/22		NSSD CLAVEY ROAD STP	S0041
21791	3/7/22		NSSD WAUKEGAN STP	S0043
22538	3/7/22		NSSD GURNEE STP	S0042
22932	3/9/22		CHENOA STP	S0012
22895	3/9/22		CANTON WEST STP	S0015
21869	3/8/22		BELLEVILLE STP 1 - West	S0005
20971	3/9/22		CHRISTIAN COUNTY WRD STP	S0014
20045	3/8/22		OTTAWA WWTP	S0053
20051	3/9/22		PEORIA SD STP	S0028
23141	3/8/22		URBANA-CHAMPAIGN SD NE STP	S0049
18368	3/8/22		CRYSTAL LAKE WWTP 3	S0017
21894	3/8/22		DANVILLE SD	S0018
20949	3/9/22		CHESTER STP	S0013
21575	3/9/22		EFFINGHAM STP	S0021
21633	3/9/22		BELVIDERE STP	S0006
22477	3/8/22		MACOMB STP	S0033
18788	3/7/22		CRYSTAL LAKE STP 2	S0016
21851	3/8/22		BELLEVILLE STP 1 - East	S0004
22504	3/9/22		KANKAKEE RIVER METRO AGENCY	S0030
18811	3/9/22		STAUNTON STP	S0056
21643	3/9/22		PITTSFIELD STP	S0044
22814	3/9/22		MOLINE NORTH STP	S0034
22849	3/8/22		MOLINE SOUTH STP	S0035
20065	3/9/22		FREEPORT WWTF	S0025
18848	3/9/22		STERLING-ELKHORN CREEK STP	S0048
20062	3/9/22		GALENA SOUTH STP	S0026
20940	3/9/22		ANNA STP	S0001
18845	3/9/22		LACON WWTP	na
20934	3/9/22		BATAVIA WWTF	S0002
21865	3/9/22		DUQUOIN STP	S0020
20965	3/8/22		SHELBYVILLE STP	S0047
20928	3/8/22		QUINCY STP	S0045
22833	3/8/22		BLOOMINGTON/NORMAL WRD STP - West Plant 1	S0008
22952	3/8/22		BLOOMINGTON-NORMAL WRD SE WWTP - South Plant 4	S0007
22834	3/8/22		BLOOMINGTON/NORMAL WRD STP - West Plant 3	S0009
20922	3/8/22		SAVANNA WWTP	S0046
23095	3/8/22		FOUR RIVERS SANITATION AUTHORITY	S0023
22752	3/8/22		PEKIN	S0052
21605	3/9/22		MT. VERNON STP	S0039
21885	3/9/22		DECATUR SD MAIN STP	S0019
20972	3/9/22		NAPERVILLE SPRINGBROOK WRC	S0040
21612	3/9/22		KISHWAUKEE WATER RECLAMATION DISTRICT WWTP	S0031
22677	3/9/22		NORTHERN MORAINE WW RECLAMATION DIST WWTP	S0098
18796	3/9/22		OLNEY STP	S0055
20079	3/9/22		FOX METRO WRD WWTP	S0024
20979	3/8/22		BEARDSTOWN SD STP	S0003
21973	3/8/22		SPRING VALLEY STP	S0097
19937	3/9/22		FLORA STP	S0022
20058	3/7/22		GALESBURG SD STP	S0027
19939	3/7/22		FLORA STP	S0022
18814	3/8/22		PRINCETON STP	S0054
21629	3/8/22		CARROLLTON STP	S0010
21680	3/10/22	CDM	SMH000017048	S0089
22510	3/10/22	CDM	SMH000062398	S0092
22522	3/10/22	CDM	SMH000025183	S0090
20911	3/10/22		QUINCY STP	S0045
21738	3/10/22		MACOMB STP	S0033
23067	3/9/22		MONMOUTH MAIN STP	S0051
18794	3/10/22		DIXON STP	S0096
23026	3/8/22		MONMOUTH MAIN STP	S0051
18791	3/9/22		CRYSTAL LAKE STP 2	S0016
18790	3/9/22		CRYSTAL LAKE WWTP 3	S0017
20056	3/9/22		GALESBURG SD STP	S0027
22542	3/9/22		NSSD GURNEE STP	S0042
22535	3/9/22		NSSD CLAVEY ROAD STP	S0041
22451	3/9/22		NSSD WAUKEGAN STP	S0043
20955	3/10/22		SAVANNA WWTP	S0046
21621	3/10/22		CARROLLTON STP	S0010
18906	3/10/22		PRINCETON STP	S0054
21913	3/10/22		SPRING VALLEY STP	S0097
23065	3/9/22		URBANA-CHAMPAIGN SD NE STP	S0049
22137	3/14/22	CDM	SMH000072456	S0093
22017	3/14/22	CDM	SMH000116477	S0095
22004	na	CDM	na	na
21654	na	CDM	na	na
20562	na	MWRD	na	na
21868	na	MWRD	na	na
20564	na	MWRD	na	na
21856	na	MWRD	na	na
20527	na	MWRD	na	na
20530	na	MWRD	na	na
21893	na	MWRD	na	na
21861	na	MWRD	na	na
20475	na	AMC	na	na
18779	na	HR	na	na
